name,lat,lon,timeBound,budget,importance,quality,area,profit,length,time,status
sel,58.4799,16.2368,5,1000,0,0.586884,1410.9,586.884,962.195,0,1
ilp,58.4799,16.2368,5,1000,0,-1,-1,-1,-1,7129,3
jog,58.4799,16.2368,5,1000,0,0.856528,-3.63798e-12,856.528,1713.06,0,1
ils,58.4799,16.2368,5,1000,0,0.856528,-3.63798e-12,856.528,1713.06,5000,1
sel,58.4799,16.2368,5,1000,0.5,0.185302,0,370.604,985.208,0,1
ilp,58.4799,16.2368,5,1000,0.5,-1,-1,-1,-1,7360,3
jog,58.4799,16.2368,5,1000,0.5,0.428264,-3.63798e-12,856.528,1713.06,0,1
ils,58.4799,16.2368,5,1000,0.5,0.428264,-3.63798e-12,856.528,1713.06,5000,1
sel,58.4799,16.2368,5,1000,1,0,0,370.604,985.208,0,1
ilp,58.4799,16.2368,5,1000,1,-1,-1,-1,-1,7364,3
jog,58.4799,16.2368,5,1000,1,-3.47401e-18,-1.09139e-11,388.288,776.576,0,1
ils,58.4799,16.2368,5,1000,1,0.00134731,4232.71,211.573,634.719,5000,1
sel,58.4799,16.2368,5,2500,0,0.148242,0,370.604,2449.21,0,1
ilp,58.4799,16.2368,5,2500,0,-1,-1,-1,-1,7161,3
jog,58.4799,16.2368,5,2500,0,0.148303,0,370.758,3829.52,0,1
ils,58.4799,16.2368,5,2500,0,0.148303,0,370.758,3829.52,5000,1
sel,58.4799,16.2368,5,2500,0.5,0.0741208,0,370.604,2449.21,0,1
ilp,58.4799,16.2368,5,2500,0.5,-1,-1,-1,-1,8010,3
jog,58.4799,16.2368,5,2500,0.5,0.0741517,0,370.758,3829.52,0,1
ils,58.4799,16.2368,5,2500,0.5,0.0741517,0,370.758,3829.52,5000,1
sel,58.4799,16.2368,5,2500,1,0,0,370.604,2449.21,0,1
ilp,58.4799,16.2368,5,2500,1,-1,-1,-1,-1,9975,3
jog,58.4799,16.2368,5,2500,1,0,0,370.758,3829.52,0,1
ils,58.4799,16.2368,5,2500,1,0,0,370.758,3829.52,5000,1
sel,58.4799,16.2368,5,5000,0,0.0741208,0,370.604,4889.21,0,1
ilp,58.4799,16.2368,5,5000,0,-1,-1,-1,-1,10153,3
jog,58.4799,16.2368,5,5000,0,-1,-1,-1,-1,0,2
ils,58.4799,16.2368,5,5000,0,-1,-1,-1,-1,0,2
sel,58.4799,16.2368,5,5000,0.5,0.0370604,0,370.604,4889.21,0,1
ilp,58.4799,16.2368,5,5000,0.5,-1,-1,-1,-1,9801,3
jog,58.4799,16.2368,5,5000,0.5,-1,-1,-1,-1,0,2
ils,58.4799,16.2368,5,5000,0.5,-1,-1,-1,-1,0,2
sel,58.4799,16.2368,5,5000,1,0,0,370.604,4889.21,0,1
ilp,58.4799,16.2368,5,5000,1,-1,-1,-1,-1,10102,3
jog,58.4799,16.2368,5,5000,1,-1,-1,-1,-1,0,2
ils,58.4799,16.2368,5,5000,1,-1,-1,-1,-1,0,2
sel,58.4799,16.2368,5,10000,0,0.0370604,0,370.604,9891.21,1,1
ilp,58.4799,16.2368,5,10000,0,-1,-1,-1,-1,9867,3
jog,58.4799,16.2368,5,10000,0,0.610705,881494,6107.05,9941.47,8,1
ils,58.4799,16.2368,5,10000,0,0.610705,881494,6107.05,9941.47,5000,1
sel,58.4799,16.2368,5,10000,0.5,0.0185302,0,370.604,9891.21,1,1
ilp,58.4799,16.2368,5,10000,0.5,-1,-1,-1,-1,9857,3
jog,58.4799,16.2368,5,10000,0.5,0.30395,-881494,6107.05,9941.47,8,1
ils,58.4799,16.2368,5,10000,0.5,0.30395,-881494,6107.05,9941.47,5000,1
sel,58.4799,16.2368,5,10000,1,0,0,370.604,9891.21,1,1
ilp,58.4799,16.2368,5,10000,1,-1,-1,-1,-1,9387,3
jog,58.4799,16.2368,5,10000,1,-0.00432607,-1.35908e+06,3765.56,10602.4,5,1
ils,58.4799,16.2368,5,10000,1,-0.00146941,-461630,5038.52,10581.9,5000,1
sel,58.4799,16.2368,5,25000,0,0.0148242,0,370.604,24897.2,1,1
ilp,58.4799,16.2368,5,25000,0,-1,-1,-1,-1,7305,3
jog,58.4799,16.2368,5,25000,0,0.791228,-1.2676e+07,19780.7,27719.1,27,1
ils,58.4799,16.2368,5,25000,0,0.862897,-1.275e+07,21572.4,27713.6,5000,1
sel,58.4799,16.2368,5,25000,0.5,0.00741208,0,370.604,24897.2,1,1
ilp,58.4799,16.2368,5,25000,0.5,-1,-1,-1,-1,7462,3
jog,58.4799,16.2368,5,25000,0.5,0.392386,-1.2676e+07,19780.7,27719.1,27,1
ils,58.4799,16.2368,5,25000,0.5,0.41795,-1.26583e+07,21058.7,27719,5001,1
sel,58.4799,16.2368,5,25000,1,0,0,370.604,24897.2,1,1
ilp,58.4799,16.2368,5,25000,1,-1,-1,-1,-1,7274,3
jog,58.4799,16.2368,5,25000,1,-0.00645582,-1.2676e+07,19632.9,27423.5,45,1
ils,58.4799,16.2368,5,25000,1,-0.00632906,-1.24271e+07,18980.5,27409.2,5000,1
sel,58.4799,16.2368,5,50000,0,0.00741208,0,370.604,49907.2,3,1
ilp,58.4799,16.2368,5,50000,0,-1,-1,-1,-1,7357,3
jog,58.4799,16.2368,5,50000,0,-1,-1,-1,-1,308,2
ils,58.4799,16.2368,5,50000,0,-1,-1,-1,-1,308,2
sel,58.4799,16.2368,5,50000,0.5,0.00370604,0,370.604,49907.2,4,1
ilp,58.4799,16.2368,5,50000,0.5,-1,-1,-1,-1,7511,3
jog,58.4799,16.2368,5,50000,0.5,-1,-1,-1,-1,306,2
ils,58.4799,16.2368,5,50000,0.5,-1,-1,-1,-1,306,2
sel,58.4799,16.2368,5,50000,1,0,0,370.604,49907.2,4,1
ilp,58.4799,16.2368,5,50000,1,-1,-1,-1,-1,7642,3
jog,58.4799,16.2368,5,50000,1,-1,-1,-1,-1,273,2
ils,58.4799,16.2368,5,50000,1,-1,-1,-1,-1,273,2
sel,58.4799,16.2368,5,100000,0,0.00370604,0,370.604,99927.2,9,1
ilp,58.4799,16.2368,5,100000,0,-1,-1,-1,-1,9811,3
jog,58.4799,16.2368,5,100000,0,-1,-1,-1,-1,807,2
ils,58.4799,16.2368,5,100000,0,-1,-1,-1,-1,807,2
sel,58.4799,16.2368,5,100000,0.5,0.00185302,0,370.604,99927.2,17,1
ilp,58.4799,16.2368,5,100000,0.5,-1,-1,-1,-1,9935,3
jog,58.4799,16.2368,5,100000,0.5,-1,-1,-1,-1,832,2
ils,58.4799,16.2368,5,100000,0.5,-1,-1,-1,-1,832,2
sel,58.4799,16.2368,5,100000,1,0,0,370.604,99927.2,17,1
ilp,58.4799,16.2368,5,100000,1,-1,-1,-1,-1,9700,3
jog,58.4799,16.2368,5,100000,1,-1,-1,-1,-1,783,2
ils,58.4799,16.2368,5,100000,1,-1,-1,-1,-1,783,2
sel,58.5658,16.3701,5,1000,0,0.392551,0,392.551,971.104,0,1
ilp,58.5658,16.3701,5,1000,0,-1,-1,-1,-1,9784,3
jog,58.5658,16.3701,5,1000,0,-1,-1,-1,-1,0,2
ils,58.5658,16.3701,5,1000,0,-1,-1,-1,-1,0,2
sel,58.5658,16.3701,5,1000,0.5,0.196276,0,392.551,971.104,0,1
ilp,58.5658,16.3701,5,1000,0.5,-1,-1,-1,-1,9771,3
jog,58.5658,16.3701,5,1000,0.5,-1,-1,-1,-1,0,2
ils,58.5658,16.3701,5,1000,0.5,-1,-1,-1,-1,0,2
sel,58.5658,16.3701,5,1000,1,0,0,392.551,971.104,0,1
ilp,58.5658,16.3701,5,1000,1,-1,-1,-1,-1,9891,3
jog,58.5658,16.3701,5,1000,1,-1,-1,-1,-1,0,2
ils,58.5658,16.3701,5,1000,1,-1,-1,-1,-1,0,2
sel,58.5658,16.3701,5,2500,0,0.11982,0,299.55,2396.4,0,1
ilp,58.5658,16.3701,5,2500,0,-1,-1,-1,-1,9815,3
jog,58.5658,16.3701,5,2500,0,0.255411,4.65661e-10,638.529,4511.24,0,1
ils,58.5658,16.3701,5,2500,0,0.255411,4.65661e-10,638.529,4511.24,5000,1
sel,58.5658,16.3701,5,2500,0.5,0.05991,0,299.55,2396.4,0,1
ilp,58.5658,16.3701,5,2500,0.5,-1,-1,-1,-1,7369,3
jog,58.5658,16.3701,5,2500,0.5,0.127706,4.65661e-10,638.529,4511.24,0,1
ils,58.5658,16.3701,5,2500,0.5,0.127706,4.65661e-10,638.529,4511.24,5000,1
sel,58.5658,16.3701,5,2500,1,0,0,299.55,2396.4,0,1
ilp,58.5658,16.3701,5,2500,1,-1,-1,-1,-1,7290,3
jog,58.5658,16.3701,5,2500,1,2.37159e-17,4.65661e-10,638.529,4511.24,0,1
ils,58.5658,16.3701,5,2500,1,2.37159e-17,4.65661e-10,638.529,4511.24,5000,1
sel,58.5658,16.3701,5,5000,0,0.0785102,0,392.551,4978.8,0,1
ilp,58.5658,16.3701,5,5000,0,-1,-1,-1,-1,7276,3
jog,58.5658,16.3701,5,5000,0,0.567615,4.65661e-10,2838.08,7713.15,0,1
ils,58.5658,16.3701,5,5000,0,0.567615,4.65661e-10,2838.08,7713.15,5000,1
sel,58.5658,16.3701,5,5000,0.5,0.0392551,0,392.551,4978.8,0,1
ilp,58.5658,16.3701,5,5000,0.5,-1,-1,-1,-1,7288,3
jog,58.5658,16.3701,5,5000,0.5,0.283808,4.65661e-10,2838.08,7713.15,0,1
ils,58.5658,16.3701,5,5000,0.5,0.283808,4.65661e-10,2838.08,7713.15,5000,1
sel,58.5658,16.3701,5,5000,1,0,0,392.551,4978.8,0,1
ilp,58.5658,16.3701,5,5000,1,-1,-1,-1,-1,7264,3
jog,58.5658,16.3701,5,5000,1,5.92898e-18,4.65661e-10,2181.57,9062.57,0,1
ils,58.5658,16.3701,5,5000,1,5.92898e-18,4.65661e-10,2181.57,9062.57,5000,1
sel,58.5658,16.3701,5,10000,0,0.0392551,0,392.551,9957.6,0,1
ilp,58.5658,16.3701,5,10000,0,-1,-1,-1,-1,7294,3
jog,58.5658,16.3701,5,10000,0,0.336374,-2.04032e+06,3363.74,12369.6,0,1
ils,58.5658,16.3701,5,10000,0,0.336374,-2.04032e+06,3363.74,12369.6,5000,1
sel,58.5658,16.3701,5,10000,0.5,0.0196276,0,392.551,9957.6,0,1
ilp,58.5658,16.3701,5,10000,0.5,-1,-1,-1,-1,7648,3
jog,58.5658,16.3701,5,10000,0.5,0.16494,-2.04032e+06,3363.74,12369.6,0,1
ils,58.5658,16.3701,5,10000,0.5,0.16494,-2.04032e+06,3363.74,12369.6,5000,1
sel,58.5658,16.3701,5,10000,1,0,0,392.551,9957.6,0,1
ilp,58.5658,16.3701,5,10000,1,-1,-1,-1,-1,7545,3
jog,58.5658,16.3701,5,10000,1,-0.00661445,-2.07799e+06,3138.84,10461.3,0,1
ils,58.5658,16.3701,5,10000,1,-0.00642037,-2.01702e+06,1743.36,10366,5000,1
sel,58.5658,16.3701,5,25000,0,0.015702,0,392.551,24935.1,0,1
ilp,58.5658,16.3701,5,25000,0,-1,-1,-1,-1,8074,3
jog,58.5658,16.3701,5,25000,0,0.624863,-1.7138e+07,15621.6,27016.7,94,1
ils,58.5658,16.3701,5,25000,0,0.624863,-1.7138e+07,15621.6,27016.7,5000,1
sel,58.5658,16.3701,5,25000,0.5,0.00785102,0,392.551,24935.1,0,1
ilp,58.5658,16.3701,5,25000,0.5,-1,-1,-1,-1,9632,3
jog,58.5658,16.3701,5,25000,0.5,0.308067,-1.7138e+07,15621.6,27016.7,91,1
ils,58.5658,16.3701,5,25000,0.5,0.308067,-1.7138e+07,15621.6,27016.7,5000,1
sel,58.5658,16.3701,5,25000,1,0,0,392.551,24935.1,0,1
ilp,58.5658,16.3701,5,25000,1,-1,-1,-1,-1,9606,3
jog,58.5658,16.3701,5,25000,1,-0.012088,-2.37348e+07,8880.51,25659.2,85,1
ils,58.5658,16.3701,5,25000,1,-0.0119397,-2.34436e+07,7578.57,25626.6,5000,1
sel,58.5658,16.3701,5,50000,0,0.00785102,0,392.551,49911.3,0,1
ilp,58.5658,16.3701,5,50000,0,-1,-1,-1,-1,9590,3
jog,58.5658,16.3701,5,50000,0,-1,-1,-1,-1,478,2
ils,58.5658,16.3701,5,50000,0,-1,-1,-1,-1,478,2
sel,58.5658,16.3701,5,50000,0.5,0.00392551,0,392.551,49911.3,0,1
ilp,58.5658,16.3701,5,50000,0.5,-1,-1,-1,-1,9684,3
jog,58.5658,16.3701,5,50000,0.5,-1,-1,-1,-1,491,2
ils,58.5658,16.3701,5,50000,0.5,-1,-1,-1,-1,491,2
sel,58.5658,16.3701,5,50000,1,0,0,392.551,49911.3,0,1
ilp,58.5658,16.3701,5,50000,1,-1,-1,-1,-1,9762,3
jog,58.5658,16.3701,5,50000,1,-1,-1,-1,-1,484,2
ils,58.5658,16.3701,5,50000,1,-1,-1,-1,-1,484,2
sel,58.5658,16.3701,5,100000,0,0.00392551,0,392.551,99822.6,1,1
ilp,58.5658,16.3701,5,100000,0,-1,-1,-1,-1,9822,3
jog,58.5658,16.3701,5,100000,0,-1,-1,-1,-1,729,2
ils,58.5658,16.3701,5,100000,0,-1,-1,-1,-1,729,2
sel,58.5658,16.3701,5,100000,0.5,0.00196276,0,392.551,99822.6,1,1
ilp,58.5658,16.3701,5,100000,0.5,-1,-1,-1,-1,9412,3
jog,58.5658,16.3701,5,100000,0.5,-1,-1,-1,-1,367,2
ils,58.5658,16.3701,5,100000,0.5,-1,-1,-1,-1,367,2
sel,58.5658,16.3701,5,100000,1,0,0,392.551,99822.6,0,1
ilp,58.5658,16.3701,5,100000,1,-1,-1,-1,-1,7051,3
jog,58.5658,16.3701,5,100000,1,-1,-1,-1,-1,341,2
ils,58.5658,16.3701,5,100000,1,-1,-1,-1,-1,341,2
sel,58.6866,16.0975,5,1000,0,0.432005,5.82077e-11,432.005,996.232,0,1
ilp,58.6866,16.0975,5,1000,0,-1,-1,-1,-1,7287,3
jog,58.6866,16.0975,5,1000,0,1.29315,-9.31323e-10,1293.15,2586.3,0,1
ils,58.6866,16.0975,5,1000,0,2.53283,163626,2532.83,2532.83,5000,1
sel,58.6866,16.0975,5,1000,0.5,0.242831,0,485.662,971.324,0,1
ilp,58.6866,16.0975,5,1000,0.5,-1,-1,-1,-1,7240,3
jog,58.6866,16.0975,5,1000,0.5,0.646574,-9.31323e-10,1293.15,2586.3,0,1
ils,58.6866,16.0975,5,1000,0.5,1.29246,163626,2532.83,2532.83,5000,1
sel,58.6866,16.0975,5,1000,1,0,0,485.662,971.324,0,1
ilp,58.6866,16.0975,5,1000,1,-1,-1,-1,-1,7204,3
jog,58.6866,16.0975,5,1000,1,-1.85281e-17,-5.82077e-11,1293.15,2586.3,0,1
ils,58.6866,16.0975,5,1000,1,0.00879635,27634.6,1680.6,2488.09,5000,1
sel,58.6866,16.0975,5,2500,0,0.368028,0,920.071,2457.18,0,1
ilp,58.6866,16.0975,5,2500,0,-1,-1,-1,-1,7315,3
jog,58.6866,16.0975,5,2500,0,1.47347,-235815,3683.69,3683.69,0,1
ils,58.6866,16.0975,5,2500,0,1.47347,-235815,3683.69,3683.69,5000,1
sel,58.6866,16.0975,5,2500,0.5,0.184014,0,920.071,2457.18,0,1
ilp,58.6866,16.0975,5,2500,0.5,-1,-1,-1,-1,7298,3
jog,58.6866,16.0975,5,2500,0.5,0.730732,-235815,3683.69,3683.69,0,1
ils,58.6866,16.0975,5,2500,0.5,0.730732,-235815,3683.69,3683.69,5000,1
sel,58.6866,16.0975,5,2500,1,0,0,920.071,2457.18,0,1
ilp,58.6866,16.0975,5,2500,1,-1,-1,-1,-1,383,3
jog,58.6866,16.0975,5,2500,1,-0.0120099,-235815,3683.69,3683.69,0,1
ils,58.6866,16.0975,5,2500,1,0.00981504,192718,2703.3,3583.24,5000,1
sel,58.6866,16.0975,5,5000,0,0.807156,-660901,4035.78,4984.46,0,1
ilp,58.6866,16.0975,5,5000,0,-1,-1,-1,-1,7407,3
jog,58.6866,16.0975,5,5000,0,1.14288,658984,5714.41,8591.49,0,1
ils,58.6866,16.0975,5,5000,0,1.34754,602280,6737.69,8505.84,5000,1
sel,58.6866,16.0975,5,5000,0.5,0.39937,-660901,4035.78,4984.46,0,1
ilp,58.6866,16.0975,5,5000,0.5,-1,-1,-1,-1,7443,3
jog,58.6866,16.0975,5,5000,0.5,0.575636,658984,5714.41,8591.49,0,1
ils,58.6866,16.0975,5,5000,0.5,0.678119,683254,6737.69,8590.79,5000,1
sel,58.6866,16.0975,5,5000,1,-0.00841485,-660901,4035.78,4984.46,0,1
ilp,58.6866,16.0975,5,5000,1,-1,-1,-1,-1,7246,3
jog,58.6866,16.0975,5,5000,1,-0.00992398,-779428,5003.66,5476.81,0,1
ils,58.6866,16.0975,5,5000,1,0.00305193,239698,2703.3,5432.63,5000,1
sel,58.6866,16.0975,5,10000,0,0.451197,-660901,4511.97,9982.73,1,1
ilp,58.6866,16.0975,5,10000,0,-1,-1,-1,-1,7507,3
jog,58.6866,16.0975,5,10000,0,1.13575,-1.65461e+06,11357.5,12401.7,4,1
ils,58.6866,16.0975,5,10000,0,1.13575,-1.65461e+06,11357.5,12401.7,5000,1
sel,58.6866,16.0975,5,10000,0.5,0.224547,-660901,4511.97,9982.73,3,1
ilp,58.6866,16.0975,5,10000,0.5,-1,-1,-1,-1,9728,3
jog,58.6866,16.0975,5,10000,0.5,0.565241,-1.65461e+06,11357.5,12401.7,8,1
ils,58.6866,16.0975,5,10000,0.5,0.565241,-1.65461e+06,11357.5,12401.7,5000,1
sel,58.6866,16.0975,5,10000,1,-0.00210371,-660901,4511.97,9982.73,3,1
ilp,58.6866,16.0975,5,10000,1,-1,-1,-1,-1,9567,3
jog,58.6866,16.0975,5,10000,1,-0.0108288,-3.40198e+06,9294.67,10727.8,8,1
ils,58.6866,16.0975,5,10000,1,-0.00934455,-2.93568e+06,8485.73,10702.8,5000,1
sel,58.6866,16.0975,5,25000,0,0.180479,-660901,4511.97,24979.3,10,1
ilp,58.6866,16.0975,5,25000,0,-1,-1,-1,-1,9514,3
jog,58.6866,16.0975,5,25000,0,1.1213,-1.87202e+07,28032.4,28082,123,1
ils,58.6866,16.0975,5,25000,0,1.1213,-1.87202e+07,28032.4,28082,5000,1
sel,58.6866,16.0975,5,25000,0.5,0.0900711,-660901,4511.97,24979.3,10,1
ilp,58.6866,16.0975,5,25000,0.5,-1,-1,-1,-1,9816,3
jog,58.6866,16.0975,5,25000,0.5,0.555882,-1.87202e+07,28032.4,28082,135,1
ils,58.6866,16.0975,5,25000,0.5,0.555882,-1.87202e+07,28032.4,28082,5000,1
sel,58.6866,16.0975,5,25000,1,-0.000336594,-660901,4511.97,24979.3,11,1
ilp,58.6866,16.0975,5,25000,1,-1,-1,-1,-1,10307,3
jog,58.6866,16.0975,5,25000,1,-0.0095341,-1.87202e+07,28032.4,28082,164,1
ils,58.6866,16.0975,5,25000,1,-0.00870532,-1.70929e+07,26340.7,27993.4,5000,1
sel,58.6866,16.0975,5,50000,0,0.0902394,-660901,4511.97,49973.5,30,1
ilp,58.6866,16.0975,5,50000,0,-1,-1,-1,-1,8869,3
jog,58.6866,16.0975,5,50000,0,0.840667,6.13989e+07,42033.3,51132.7,145,1
ils,58.6866,16.0975,5,50000,0,0.840667,6.13989e+07,42033.3,51132.7,5000,1
sel,58.6866,16.0975,5,50000,0.5,0.0450776,-660901,4511.97,49973.5,9,1
ilp,58.6866,16.0975,5,50000,0.5,-1,-1,-1,-1,7346,3
jog,58.6866,16.0975,5,50000,0.5,0.416425,-6.13989e+07,42033.3,51132.7,134,1
ils,58.6866,16.0975,5,50000,0.5,0.416425,-6.13989e+07,42033.3,51132.7,5000,1
sel,58.6866,16.0975,5,50000,1,-8.41485e-05,-660901,4511.97,49973.5,9,1
ilp,58.6866,16.0975,5,50000,1,-1,-1,-1,-1,7365,3
jog,58.6866,16.0975,5,50000,1,-0.00961531,-7.55184e+07,38879.2,51688.7,134,1
ils,58.6866,16.0975,5,50000,1,-0.00957611,-7.52106e+07,37377.4,51609.7,5000,1
sel,58.6866,16.0975,5,100000,0,0.0451197,-660901,4511.97,99961.9,18,1
ilp,58.6866,16.0975,5,100000,0,-1,-1,-1,-1,7339,3
jog,58.6866,16.0975,5,100000,0,0.748106,-6.97516e+07,74810.6,99603.8,264,1
ils,58.6866,16.0975,5,100000,0,0.748106,-6.97516e+07,74810.6,99603.8,5000,1
sel,58.6866,16.0975,5,100000,0.5,0.00727582,5.82077e-11,1455.16,99985.8,111,1
ilp,58.6866,16.0975,5,100000,0.5,-1,-1,-1,-1,7297,3
jog,58.6866,16.0975,5,100000,0.5,0.372943,-6.97516e+07,74810.6,99603.8,260,1
ils,58.6866,16.0975,5,100000,0.5,0.372943,-6.97516e+07,74810.6,99603.8,5000,1
sel,58.6866,16.0975,5,100000,1,1.85281e-21,5.82077e-11,1455.16,99985.8,126,1
ilp,58.6866,16.0975,5,100000,1,-1,-1,-1,-1,7533,3
jog,58.6866,16.0975,5,100000,1,-0.00222026,-6.97516e+07,74810.6,99603.8,276,1
ils,58.6866,16.0975,5,100000,1,-0.00214684,-6.7445e+07,74756.2,99600.6,5000,1
sel,58.603,16.153,15,1000,0,0.145581,-468.586,145.581,999.278,0,1
ilp,58.603,16.153,15,1000,0,-1,-1,-1,-1,17371,3
jog,58.603,16.153,15,1000,0,1.76496,-226768,1764.96,2083.7,11,1
ils,58.603,16.153,15,1000,0,1.76496,-226768,1764.96,2083.7,15003,1
sel,58.603,16.153,15,1000,0.5,0.0727158,-468.586,145.581,999.278,0,1
ilp,58.603,16.153,15,1000,0.5,-1,-1,-1,-1,19680,3
jog,58.603,16.153,15,1000,0.5,0.846388,-226768,1764.96,2083.7,11,1
ils,58.603,16.153,15,1000,0.5,0.846388,-226768,1764.96,2083.7,15001,1
sel,58.603,16.153,15,1000,1,-0.000149156,-468.586,145.581,999.278,0,1
ilp,58.603,16.153,15,1000,1,-1,-1,-1,-1,19605,3
jog,58.603,16.153,15,1000,1,-0.0721825,-226768,1764.96,2083.7,5,1
ils,58.603,16.153,15,1000,1,0.0271924,85427.5,0.182083,2072.54,15000,1
sel,58.603,16.153,15,2500,0,0.0582323,-468.586,145.581,2490.74,0,1
ilp,58.603,16.153,15,2500,0,-1,-1,-1,-1,17029,3
jog,58.603,16.153,15,2500,0,0.950952,-240049,2377.38,3237.18,15,1
ils,58.603,16.153,15,2500,0,0.950952,-240049,2377.38,3237.18,15000,1
sel,58.603,16.153,15,2500,0.5,0.0291042,-468.586,145.581,2490.74,0,1
ilp,58.603,16.153,15,2500,0.5,-1,-1,-1,-1,17012,3
jog,58.603,16.153,15,2500,0.5,0.469363,-240049,2377.38,3237.18,16,1
ils,58.603,16.153,15,2500,0.5,0.469363,-240049,2377.38,3237.18,15000,1
sel,58.603,16.153,15,2500,1,-2.38649e-05,-468.586,145.581,2490.74,0,1
ilp,58.603,16.153,15,2500,1,-1,-1,-1,-1,17771,3
jog,58.603,16.153,15,2500,1,-0.0123294,-242088,1868.83,2205.24,46,1
ils,58.603,16.153,15,2500,1,0.00214554,42127.6,228.317,2126.21,15000,1
sel,58.603,16.153,15,5000,0,0.0291161,-468.586,145.581,4990.77,2,1
ilp,58.603,16.153,15,5000,0,-1,-1,-1,-1,19742,3
jog,58.603,16.153,15,5000,0,0.937774,693362,4688.87,5505.2,65,1
ils,58.603,16.153,15,5000,0,0.938887,701573,4694.43,5502.94,15000,1
sel,58.603,16.153,15,5000,0.5,0.0145551,-468.586,145.581,4990.77,2,1
ilp,58.603,16.153,15,5000,0.5,-1,-1,-1,-1,19818,3
jog,58.603,16.153,15,5000,0.5,0.473301,693362,4688.87,5505.2,62,1
ils,58.603,16.153,15,5000,0.5,0.47391,701573,4694.43,5502.94,15000,1
sel,58.603,16.153,15,5000,1,-5.96622e-06,-468.586,145.581,4990.77,2,1
ilp,58.603,16.153,15,5000,1,-1,-1,-1,-1,18427,3
jog,58.603,16.153,15,5000,1,-0.002553,-200512,3014.48,4663.14,23,1
ils,58.603,16.153,15,5000,1,0.00631676,496117,1357.71,4660.21,15000,1
sel,58.603,16.153,15,10000,0,0.0202951,-468.586,202.951,9990.54,1,1
ilp,58.603,16.153,15,10000,0,-1,-1,-1,-1,16995,3
jog,58.603,16.153,15,10000,0,0.978716,2.06413e+06,9787.16,11249.5,60,1
ils,58.603,16.153,15,10000,0,0.991306,2.06254e+06,9913.06,11244.6,15000,1
sel,58.603,16.153,15,10000,0.5,0.0101468,-468.586,202.951,9990.54,1,1
ilp,58.603,16.153,15,10000,0.5,-1,-1,-1,-1,17108,3
jog,58.603,16.153,15,10000,0.5,0.479791,-3.18153e+06,9697.09,10924.6,62,1
ils,58.603,16.153,15,10000,0.5,0.48258,-3.17489e+06,9752.67,10921.8,15000,1
sel,58.603,16.153,15,10000,1,-1.49156e-06,-468.586,202.951,9990.54,1,1
ilp,58.603,16.153,15,10000,1,-1,-1,-1,-1,17511,3
jog,58.603,16.153,15,10000,1,-0.0101619,-3.19244e+06,9246.4,10096.9,146,1
ils,58.603,16.153,15,10000,1,-0.00954959,-3.00009e+06,7034.8,10082,15000,1
sel,58.603,16.153,15,25000,0,0.00582323,-468.586,145.581,24995.8,10,1
ilp,58.603,16.153,15,25000,0,-1,-1,-1,-1,19636,3
jog,58.603,16.153,15,25000,0,0.783907,-8.32973e+06,19597.7,24462.7,313,1
ils,58.603,16.153,15,25000,0,0.791193,-8.26823e+06,19779.8,24460.7,15000,1
sel,58.603,16.153,15,25000,0.5,0.00291149,-468.586,145.581,24995.8,11,1
ilp,58.603,16.153,15,25000,0.5,-1,-1,-1,-1,19868,3
jog,58.603,16.153,15,25000,0.5,0.389832,-8.32973e+06,19597.7,24462.7,293,1
ils,58.603,16.153,15,25000,0.5,0.393558,-8.25677e+06,19783,24455.3,15000,1
sel,58.603,16.153,15,25000,1,-2.38649e-07,-468.586,145.581,24995.8,3,1
ilp,58.603,16.153,15,25000,1,-1,-1,-1,-1,16983,3
jog,58.603,16.153,15,25000,1,-0.0042423,-8.32973e+06,19597.7,24462.7,123,1
ils,58.603,16.153,15,25000,1,-0.00377646,-7.41506e+06,17181.8,24444.4,15000,1
sel,58.603,16.153,15,50000,0,0.00291161,-468.586,145.581,49997,7,1
ilp,58.603,16.153,15,50000,0,-1,-1,-1,-1,17000,3
jog,58.603,16.153,15,50000,0,0.971533,4.57166e+07,48576.6,51989.9,147,1
ils,58.603,16.153,15,50000,0,0.974638,4.5824e+07,48731.9,51981.4,15000,1
sel,58.603,16.153,15,50000,0.5,0.00145578,-468.586,145.581,49997,7,1
ilp,58.603,16.153,15,50000,0.5,-1,-1,-1,-1,16991,3
jog,58.603,16.153,15,50000,0.5,0.482856,-4.57166e+07,48576.6,51989.9,176,1
ils,58.603,16.153,15,50000,0.5,0.484393,-4.57223e+07,48730.4,51979.9,15000,1
sel,58.603,16.153,15,50000,1,-5.96622e-08,-468.586,145.581,49997,8,1
ilp,58.603,16.153,15,50000,1,-1,-1,-1,-1,17620,3
jog,58.603,16.153,15,50000,1,-0.00760793,-5.97526e+07,45796.8,53587.6,345,1
ils,58.603,16.153,15,50000,1,-0.00727633,-5.71482e+07,37818.1,53583.2,15000,1
sel,58.603,16.153,15,100000,0,0.00145581,-468.586,145.581,99999.4,42,1
ilp,58.603,16.153,15,100000,0,-1,-1,-1,-1,19590,3
jog,58.603,16.153,15,100000,0,0.869231,2.0771e+08,86923.1,104679,472,1
ils,58.603,16.153,15,100000,0,0.876544,2.07717e+08,87654.4,104676,15000,1
sel,58.603,16.153,15,100000,0.5,0.00259309,-468.586,518.62,99996.7,58,1
ilp,58.603,16.153,15,100000,0.5,-1,-1,-1,-1,19778,3
jog,58.603,16.153,15,100000,0.5,0.437921,2.0771e+08,86923.1,104679,290,1
ils,58.603,16.153,15,100000,0.5,0.441578,2.07717e+08,87654.4,104676,15000,1
sel,58.603,16.153,15,100000,1,-1.49156e-08,-468.586,518.62,99996.7,20,1
ilp,58.603,16.153,15,100000,1,-1,-1,-1,-1,17039,3
jog,58.603,16.153,15,100000,1,-0.00203308,-6.38712e+07,78552.5,100208,226,1
ils,58.603,16.153,15,100000,1,-0.00187276,-5.88346e+07,78289.6,100144,15000,1
sel,58.6998,16.7198,15,1000,0,0.210639,0,210.639,842.556,0,1
ilp,58.6998,16.7198,15,1000,0,-1,-1,-1,-1,17079,3
jog,58.6998,16.7198,15,1000,0,0.210729,0,210.729,2229.13,0,1
ils,58.6998,16.7198,15,1000,0,0.210729,0,210.729,2229.13,15000,1
sel,58.6998,16.7198,15,1000,0.5,0.10532,0,210.639,842.556,0,1
ilp,58.6998,16.7198,15,1000,0.5,-1,-1,-1,-1,444,3
jog,58.6998,16.7198,15,1000,0.5,0.105365,0,210.729,2229.13,0,1
ils,58.6998,16.7198,15,1000,0.5,0.105365,0,210.729,2229.13,15000,1
sel,58.6998,16.7198,15,1000,1,0,0,210.639,842.556,0,1
ilp,58.6998,16.7198,15,1000,1,-1,-1,-1,-1,17381,3
jog,58.6998,16.7198,15,1000,1,0,0,210.729,2229.13,0,1
ils,58.6998,16.7198,15,1000,1,0,0,210.729,2229.13,15000,1
sel,58.6998,16.7198,15,2500,0,0.0842556,0,210.639,2106.39,0,1
ilp,58.6998,16.7198,15,2500,0,-1,-1,-1,-1,19739,3
jog,58.6998,16.7198,15,2500,0,0.94289,0,2357.22,7029.78,0,1
ils,58.6998,16.7198,15,2500,0,0.94289,0,2357.22,7029.78,15000,1
sel,58.6998,16.7198,15,2500,0.5,0.0421278,0,210.639,2106.39,0,1
ilp,58.6998,16.7198,15,2500,0.5,-1,-1,-1,-1,19762,3
jog,58.6998,16.7198,15,2500,0.5,0.471445,0,2357.22,7029.78,0,1
ils,58.6998,16.7198,15,2500,0.5,0.471445,0,2357.22,7029.78,15000,1
sel,58.6998,16.7198,15,2500,1,0,0,210.639,2106.39,0,1
ilp,58.6998,16.7198,15,2500,1,-1,-1,-1,-1,17002,3
jog,58.6998,16.7198,15,2500,1,-4.74319e-17,-9.31323e-10,374.872,3448.97,0,1
ils,58.6998,16.7198,15,2500,1,-4.74319e-17,-9.31323e-10,374.872,3448.97,15000,1
sel,58.6998,16.7198,15,5000,0,0.0421278,0,210.639,4634.06,0,1
ilp,58.6998,16.7198,15,5000,0,-1,-1,-1,-1,17040,3
jog,58.6998,16.7198,15,5000,0,0.588927,0,2944.64,8201.24,0,1
ils,58.6998,16.7198,15,5000,0,0.588927,0,2944.64,8201.24,15000,1
sel,58.6998,16.7198,15,5000,0.5,0.0210639,0,210.639,4634.06,0,1
ilp,58.6998,16.7198,15,5000,0.5,-1,-1,-1,-1,17485,3
jog,58.6998,16.7198,15,5000,0.5,0.294464,0,2944.64,8201.24,1,1
ils,58.6998,16.7198,15,5000,0.5,0.294464,0,2944.64,8201.24,15000,1
sel,58.6998,16.7198,15,5000,1,0,0,210.639,4634.06,0,1
ilp,58.6998,16.7198,15,5000,1,-1,-1,-1,-1,19646,3
jog,58.6998,16.7198,15,5000,1,-0.00164159,-128930,990.753,7434.72,1,1
ils,58.6998,16.7198,15,5000,1,0.00164159,128930,990.753,7434.72,15000,1
sel,58.6998,16.7198,15,10000,0,0.0210639,0,210.639,9689.39,0,1
ilp,58.6998,16.7198,15,10000,0,-1,-1,-1,-1,19590,3
jog,58.6998,16.7198,15,10000,0,0.848513,3.43853e+06,8485.13,12326.3,2,1
ils,58.6998,16.7198,15,10000,0,0.848513,3.43853e+06,8485.13,12326.3,15000,1
sel,58.6998,16.7198,15,10000,0.5,0.0105319,0,210.639,9689.39,0,1
ilp,58.6998,16.7198,15,10000,0.5,-1,-1,-1,-1,16989,3
jog,58.6998,16.7198,15,10000,0.5,0.418784,-3.43853e+06,8485.13,12326.3,0,1
ils,58.6998,16.7198,15,10000,0.5,0.418784,-3.43853e+06,8485.13,12326.3,15000,1
sel,58.6998,16.7198,15,10000,1,0,0,210.639,9689.39,0,1
ilp,58.6998,16.7198,15,10000,1,-1,-1,-1,-1,17017,3
jog,58.6998,16.7198,15,10000,1,-0.0109452,-3.43853e+06,8157.86,10304.8,1,1
ils,58.6998,16.7198,15,10000,1,-0.0109452,-3.43853e+06,8157.86,10304.8,15000,1
sel,58.6998,16.7198,15,25000,0,0.00842556,0,210.639,24855.4,0,1
ilp,58.6998,16.7198,15,25000,0,-1,-1,-1,-1,17191,3
jog,58.6998,16.7198,15,25000,0,0.749845,-1.18105e+07,18746.1,28450.8,8,1
ils,58.6998,16.7198,15,25000,0,0.768833,-1.30264e+07,19220.8,28445.5,15000,1
sel,58.6998,16.7198,15,25000,0.5,0.00421278,0,210.639,24855.4,0,1
ilp,58.6998,16.7198,15,25000,0.5,-1,-1,-1,-1,17385,3
jog,58.6998,16.7198,15,25000,0.5,0.371915,-1.18105e+07,18746.1,28450.8,19,1
ils,58.6998,16.7198,15,25000,0.5,0.381099,-1.30264e+07,19220.8,28445.5,15000,1
sel,58.6998,16.7198,15,25000,1,0,0,210.639,24855.4,0,1
ilp,58.6998,16.7198,15,25000,1,-1,-1,-1,-1,19589,3
jog,58.6998,16.7198,15,25000,1,-0.0112703,-2.21292e+07,12880.7,25932.8,18,1
ils,58.6998,16.7198,15,25000,1,-0.0112426,-2.20748e+07,12442.9,25920,15000,1
sel,58.6998,16.7198,15,50000,0,0.00421278,0,210.639,49710.8,0,1
ilp,58.6998,16.7198,15,50000,0,-1,-1,-1,-1,16957,3
jog,58.6998,16.7198,15,50000,0,0.800562,-3.74481e+07,40028.1,50275.4,36,1
ils,58.6998,16.7198,15,50000,0,0.832585,-3.75201e+07,41629.2,50263.8,15000,1
sel,58.6998,16.7198,15,50000,0.5,0.00210639,0,210.639,49710.8,0,1
ilp,58.6998,16.7198,15,50000,0.5,-1,-1,-1,-1,17021,3
jog,58.6998,16.7198,15,50000,0.5,0.397897,-3.74481e+07,40028.1,50275.4,35,1
ils,58.6998,16.7198,15,50000,0.5,0.410135,-3.73898e+07,41251.6,50231.7,15000,1
sel,58.6998,16.7198,15,50000,1,0,0,210.639,49710.8,0,1
ilp,58.6998,16.7198,15,50000,1,-1,-1,-1,-1,16973,3
jog,58.6998,16.7198,15,50000,1,-0.00828082,-6.50374e+07,36545.4,49105.2,38,1
ils,58.6998,16.7198,15,50000,1,-0.00822242,-6.45787e+07,35495.9,49058.5,15000,1
sel,58.6998,16.7198,15,100000,0,0.00210639,0,210.639,99842.9,0,1
ilp,58.6998,16.7198,15,100000,0,-1,-1,-1,-1,17469,3
jog,58.6998,16.7198,15,100000,0,-1,-1,-1,-1,602,2
ils,58.6998,16.7198,15,100000,0,-1,-1,-1,-1,602,2
sel,58.6998,16.7198,15,100000,0.5,0.0010532,0,210.639,99842.9,1,1
ilp,58.6998,16.7198,15,100000,0.5,-1,-1,-1,-1,19609,3
jog,58.6998,16.7198,15,100000,0.5,-1,-1,-1,-1,575,2
ils,58.6998,16.7198,15,100000,0.5,-1,-1,-1,-1,575,2
sel,58.6998,16.7198,15,100000,1,0,0,210.639,99842.9,1,1
ilp,58.6998,16.7198,15,100000,1,-1,-1,-1,-1,19600,3
jog,58.6998,16.7198,15,100000,1,-1,-1,-1,-1,589,2
ils,58.6998,16.7198,15,100000,1,-1,-1,-1,-1,589,2
sel,58.8295,15.8478,15,1000,0,3.24554e-05,0,0.0324554,649.108,0,1
ilp,58.8295,15.8478,15,1000,0,-1,-1,-1,-1,19683,3
jog,58.8295,15.8478,15,1000,0,0.191931,2.32831e-09,191.931,3754.7,0,1
ils,58.8295,15.8478,15,1000,0,0.191931,2.32831e-09,191.931,3754.7,15000,1
sel,58.8295,15.8478,15,1000,0.5,1.62277e-05,0,0.0324554,649.108,0,1
ilp,58.8295,15.8478,15,1000,0.5,1.12724e-05,0,0.0225449,676.347,17622,0
jog,58.8295,15.8478,15,1000,0.5,-0.0831228,-523371,0.348486,3484.86,0,1
ils,58.8295,15.8478,15,1000,0.5,-0.0831228,-523371,0.348486,3484.86,15000,1
sel,58.8295,15.8478,15,1000,1,0,0,0.0324554,649.108,0,1
ilp,58.8295,15.8478,15,1000,1,-1,-1,-1,-1,374,3
jog,58.8295,15.8478,15,1000,1,-0.166594,-523371,0.348486,3484.86,0,1
ils,58.8295,15.8478,15,1000,1,-0.166594,-523371,0.348486,3484.86,15000,1
sel,58.8295,15.8478,15,2500,0,4.7533e-05,0,0.118833,2376.65,0,1
ilp,58.8295,15.8478,15,2500,0,-1,-1,-1,-1,16941,3
jog,58.8295,15.8478,15,2500,0,0.303206,523371,758.015,5000.19,0,1
ils,58.8295,15.8478,15,2500,0,0.303206,523371,758.015,5000.19,15000,1
sel,58.8295,15.8478,15,2500,0.5,2.37665e-05,0,0.118833,2376.65,0,1
ilp,58.8295,15.8478,15,2500,0.5,-1,-1,-1,-1,380,3
jog,58.8295,15.8478,15,2500,0.5,0.138276,-523371,758.015,5000.19,0,1
ils,58.8295,15.8478,15,2500,0.5,0.151543,0,757.713,2432.05,15000,1
sel,58.8295,15.8478,15,2500,1,0,0,0.118833,2376.65,0,1
ilp,58.8295,15.8478,15,2500,1,-1,-1,-1,-1,384,3
jog,58.8295,15.8478,15,2500,1,-0.026655,-523371,0.348486,3484.86,0,1
ils,58.8295,15.8478,15,2500,1,-0.026655,-523371,0.348486,3484.86,15000,1
sel,58.8295,15.8478,15,5000,0,0.0639786,0,319.893,4934.84,0,1
ilp,58.8295,15.8478,15,5000,0,-1,-1,-1,-1,17216,3
jog,58.8295,15.8478,15,5000,0,0.0518964,-3.72529e-09,259.482,6579.76,0,1
ils,58.8295,15.8478,15,5000,0,0.0518964,-3.72529e-09,259.482,6579.76,15000,1
sel,58.8295,15.8478,15,5000,0.5,0.0319893,0,319.893,4934.84,0,1
ilp,58.8295,15.8478,15,5000,0.5,-1,-1,-1,-1,17761,3
jog,58.8295,15.8478,15,5000,0.5,0.0259482,-3.72529e-09,259.482,6579.76,0,1
ils,58.8295,15.8478,15,5000,0.5,0.0259482,-3.72529e-09,259.482,6579.76,15000,1
sel,58.8295,15.8478,15,5000,1,0,0,319.893,4934.84,0,1
ilp,58.8295,15.8478,15,5000,1,-1,-1,-1,-1,19664,3
jog,58.8295,15.8478,15,5000,1,-0.00666376,-523371,0.444716,5409.47,0,1
ils,58.8295,15.8478,15,5000,1,-0.00666376,-523371,0.444716,5409.47,15000,1
sel,58.8295,15.8478,15,10000,0,0.0319921,0,319.921,9975.77,0,1
ilp,58.8295,15.8478,15,10000,0,-1,-1,-1,-1,19455,3
jog,58.8295,15.8478,15,10000,0,8.48128e-05,-1.65189e+06,0.848128,9553.82,0,1
ils,58.8295,15.8478,15,10000,0,8.48128e-05,-1.65189e+06,0.848128,9553.82,15000,1
sel,58.8295,15.8478,15,10000,0.5,0.0159961,0,319.921,9975.77,0,1
ilp,58.8295,15.8478,15,10000,0.5,0.00757345,5.12227e-09,151.469,7440.74,17122,0
jog,58.8295,15.8478,15,10000,0.5,-0.00258666,-1.65189e+06,0.848128,9553.82,0,1
ils,58.8295,15.8478,15,10000,0.5,6.07779e-05,28468.3,0.309384,9537.7,15000,1
sel,58.8295,15.8478,15,10000,1,0,0,319.921,9975.77,0,1
ilp,58.8295,15.8478,15,10000,1,5.92898e-18,1.86265e-09,0.17281,9394.91,17308,0
jog,58.8295,15.8478,15,10000,1,-0.00525813,-1.65189e+06,0.848128,9553.82,0,1
ils,58.8295,15.8478,15,10000,1,0.000169395,53217,0.1231,9550.42,15000,1
sel,58.8295,15.8478,15,25000,0,0.0127957,0,319.893,24760.8,0,1
ilp,58.8295,15.8478,15,25000,0,-1,-1,-1,-1,17029,3
jog,58.8295,15.8478,15,25000,0,0.483804,1.77884e+06,12095.1,26849.5,5,1
ils,58.8295,15.8478,15,25000,0,0.483804,1.77884e+06,12095.1,26849.5,15000,1
sel,58.8295,15.8478,15,25000,0.5,0.00639786,0,319.893,24760.8,0,1
ilp,58.8295,15.8478,15,25000,0.5,-1,-1,-1,-1,17497,3
jog,58.8295,15.8478,15,25000,0.5,0.241449,-1.77884e+06,12095.1,26849.5,11,1
ils,58.8295,15.8478,15,25000,0.5,0.241492,-1.60829e+06,12095.1,26849.5,15000,1
sel,58.8295,15.8478,15,25000,1,0,0,319.893,24760.8,0,1
ilp,58.8295,15.8478,15,25000,1,-1,-1,-1,-1,19729,3
jog,58.8295,15.8478,15,25000,1,-0.013881,-2.72552e+07,2.5885,25885,12,1
ils,58.8295,15.8478,15,25000,1,-0.013881,-2.72552e+07,2.5885,25885,15000,1
sel,58.8295,15.8478,15,50000,0,0.00639786,0,319.893,49703.2,1,1
ilp,58.8295,15.8478,15,50000,0,-1,-1,-1,-1,19638,3
jog,58.8295,15.8478,15,50000,0,0.636283,6.02171e+07,31814.1,52183.6,72,1
ils,58.8295,15.8478,15,50000,0,0.636283,6.02171e+07,31814.1,52183.6,15000,1
sel,58.8295,15.8478,15,50000,0.5,0.00319893,0,319.893,49703.2,0,1
ilp,58.8295,15.8478,15,50000,0.5,0.003201,2.32831e-09,320.1,8478.34,17258,0
jog,58.8295,15.8478,15,50000,0.5,0.312222,-5.81125e+07,31592.2,53483.6,29,1
ils,58.8295,15.8478,15,50000,0.5,0.326888,-6.11253e+07,33077.9,53447.4,15000,1
sel,58.8295,15.8478,15,50000,1,0,0,319.893,49703.2,0,1
ilp,58.8295,15.8478,15,50000,1,-1,-1,-1,-1,17072,3
jog,58.8295,15.8478,15,50000,1,-0.0130397,-1.02414e+08,18531.9,51770,28,1
ils,58.8295,15.8478,15,50000,1,-0.0129626,-1.01808e+08,15034.3,51741.2,15000,1
sel,58.8295,15.8478,15,100000,0,0.00319893,0,319.893,99587.9,2,1
ilp,58.8295,15.8478,15,100000,0,-1,-1,-1,-1,17406,3
jog,58.8295,15.8478,15,100000,0,-1,-1,-1,-1,412,2
ils,58.8295,15.8478,15,100000,0,-1,-1,-1,-1,412,2
sel,58.8295,15.8478,15,100000,0.5,0.00159946,0,319.893,99587.9,1,1
ilp,58.8295,15.8478,15,100000,0.5,-1,-1,-1,-1,17788,3
jog,58.8295,15.8478,15,100000,0.5,-1,-1,-1,-1,789,2
ils,58.8295,15.8478,15,100000,0.5,-1,-1,-1,-1,789,2
sel,58.8295,15.8478,15,100000,1,0,0,319.893,99587.9,3,1
ilp,58.8295,15.8478,15,100000,1,-1,-1,-1,-1,19643,3
jog,58.8295,15.8478,15,100000,1,-1,-1,-1,-1,818,2
ils,58.8295,15.8478,15,100000,1,-1,-1,-1,-1,818,2
sel,58.5954,16.1651,60,1000,0,3.49839e-05,1.16415e-10,0.0349839,952.392,0,1
ilp,58.5954,16.1651,60,1000,0,8.379e-05,-21360.4,0.08379,903.924,64852,0
jog,58.5954,16.1651,60,1000,0,1.34122,-122800,1341.22,2261.21,3,1
ils,58.5954,16.1651,60,1000,0,1.34122,-122800,1341.22,2261.21,60000,1
sel,58.5954,16.1651,60,1000,0.5,1.7492e-05,1.16415e-10,0.0349839,952.392,0,1
ilp,58.5954,16.1651,60,1000,0.5,-1,-1,-1,-1,375,3
jog,58.5954,16.1651,60,1000,0.5,0.651065,-122800,1341.22,2261.21,3,1
ils,58.5954,16.1651,60,1000,0.5,0.651065,-122800,1341.22,2261.21,60000,1
sel,58.5954,16.1651,60,1000,1,3.70561e-17,1.16415e-10,0.0349839,952.392,0,1
ilp,58.5954,16.1651,60,1000,1,-0.00397234,-12479.5,36.9123,875.813,43129,0
jog,58.5954,16.1651,60,1000,1,-0.0626785,-196910,1163.9,2084.93,7,1
ils,58.5954,16.1651,60,1000,1,0.022145,69570.7,0.174979,2017.22,60000,1
sel,58.5954,16.1651,60,2500,0,1.39936e-05,1.16415e-10,0.0349839,2468.68,0,1
ilp,58.5954,16.1651,60,2500,0,0.586542,33040.6,1466.35,2329.91,62161,0
jog,58.5954,16.1651,60,2500,0,1.01171,-158564,2529.28,3832.65,11,1
ils,58.5954,16.1651,60,2500,0,1.01171,-158564,2529.28,3832.65,60000,1
sel,58.5954,16.1651,60,2500,0.5,6.99678e-06,1.16415e-10,0.0349839,2468.68,0,1
ilp,58.5954,16.1651,60,2500,0.5,0.132454,-483.287,662.333,1798.22,51569,0
jog,58.5954,16.1651,60,2500,0.5,0.501818,-158564,2529.28,3832.65,28,1
ils,58.5954,16.1651,60,2500,0.5,0.501818,-158564,2529.28,3832.65,60000,1
sel,58.5954,16.1651,60,2500,1,5.92898e-18,1.16415e-10,0.0349839,2468.68,0,1
ilp,58.5954,16.1651,60,2500,1,-0.000635574,-12479.5,0.0623595,1956.38,62204,0
jog,58.5954,16.1651,60,2500,1,-0.0106806,-209713,1154.98,2218.36,11,1
ils,58.5954,16.1651,60,2500,1,0.00604661,118725,0.208304,2189.94,60000,1
sel,58.5954,16.1651,60,5000,0,6.99678e-06,1.16415e-10,0.0349839,4995.82,0,1
ilp,58.5954,16.1651,60,5000,0,0.495683,-37340,2478.41,3647.72,62717,0
jog,58.5954,16.1651,60,5000,0,0.929231,37459.3,4646.16,6069.89,68,1
ils,58.5954,16.1651,60,5000,0,0.938144,47146.2,4690.72,6062.59,60000,1
sel,58.5954,16.1651,60,5000,0.5,3.49839e-06,1.16415e-10,0.0349839,4995.82,0,1
ilp,58.5954,16.1651,60,5000,0.5,-1,-1,-1,-1,396,3
jog,58.5954,16.1651,60,5000,0.5,0.462585,-145099,4635.09,5813.94,26,1
ils,58.5954,16.1651,60,5000,0.5,0.467115,-132468,4679.59,5813.01,60000,1
sel,58.5954,16.1651,60,5000,1,1.48225e-18,1.16415e-10,0.0349839,4995.82,0,1
ilp,58.5954,16.1651,60,5000,1,-1,-1,-1,-1,380,3
jog,58.5954,16.1651,60,5000,1,-0.00325735,-255831,3534.05,4656.49,25,1
ils,58.5954,16.1651,60,5000,1,0.00391251,307288,895.475,4639.7,60000,1
sel,58.5954,16.1651,60,10000,0,2.48147e-06,1.16415e-10,0.0248147,9956,1,1
ilp,58.5954,16.1651,60,10000,0,0.247841,37340,2478.41,3647.72,62381,0
jog,58.5954,16.1651,60,10000,0,0.787995,1.5238e+06,7879.95,11416.6,49,1
ils,58.5954,16.1651,60,10000,0,0.789319,1.54756e+06,7893.19,11414.7,60000,1
sel,58.5954,16.1651,60,10000,0.5,1.24074e-06,1.16415e-10,0.0248147,9956,1,1
ilp,58.5954,16.1651,60,10000,0.5,-1,-1,-1,-1,362,3
jog,58.5954,16.1651,60,10000,0.5,0.391572,-1.5238e+06,7879.95,11416.6,47,1
ils,58.5954,16.1651,60,10000,0.5,0.392335,-1.51508e+06,7894.94,11416.5,60000,1
sel,58.5954,16.1651,60,10000,1,3.70561e-19,1.16415e-10,0.0248147,9956,1,1
ilp,58.5954,16.1651,60,10000,1,3.99058e-05,12536.8,0.051777,623.394,20959,0
jog,58.5954,16.1651,60,10000,1,-0.00485269,-1.52452e+06,7544.72,10699.6,46,1
ils,58.5954,16.1651,60,10000,1,-0.00420849,-1.32214e+06,6339.2,10698.3,60000,1
sel,58.5954,16.1651,60,25000,0,1.39936e-06,1.16415e-10,0.0349839,24960.2,2,1
ilp,58.5954,16.1651,60,25000,0,0.10062,35841.8,2515.5,3487.47,62398,0
jog,58.5954,16.1651,60,25000,0,0.950479,1.0934e+07,23762,26113.3,108,1
ils,58.5954,16.1651,60,25000,0,0.977892,1.08719e+07,24447.3,26112.8,60000,1
sel,58.5954,16.1651,60,25000,0.5,6.99678e-07,1.16415e-10,0.0349839,24960.2,2,1
ilp,58.5954,16.1651,60,25000,0.5,2.03224e-07,0,0.0101612,2743.52,36960,0
jog,58.5954,16.1651,60,25000,0.5,0.46991,-1.07781e+07,23632.7,26294.6,228,1
ils,58.5954,16.1651,60,25000,0.5,0.486365,-1.06579e+07,24453.9,26292.7,60000,1
sel,58.5954,16.1651,60,25000,1,5.92898e-20,1.16415e-10,0.0349839,24960.2,2,1
ilp,58.5954,16.1651,60,25000,1,-1.1858e-19,-2.32831e-10,952.623,2870.34,19877,0
jog,58.5954,16.1651,60,25000,1,-0.0062019,-1.21774e+07,20286.2,24737,95,1
ils,58.5954,16.1651,60,25000,1,-0.00611513,-1.2007e+07,18527.3,24736.6,60000,1
sel,58.5954,16.1651,60,50000,0,6.99678e-07,1.16415e-10,0.0349839,49978.9,5,1
ilp,58.5954,16.1651,60,50000,0,0.0516412,35841.8,2582.06,3620.6,62286,0
jog,58.5954,16.1651,60,50000,0,0.920397,-5.8183e+07,46019.9,52466.2,159,1
ils,58.5954,16.1651,60,50000,0,0.938952,-6.01739e+07,46947.6,52465.3,60000,1
sel,58.5954,16.1651,60,50000,0.5,3.49839e-07,1.16415e-10,0.0349839,49978.9,5,1
ilp,58.5954,16.1651,60,50000,0.5,-1,-1,-1,-1,389,3
jog,58.5954,16.1651,60,50000,0.5,0.456494,-5.8183e+07,46019.9,52466.2,132,1
ils,58.5954,16.1651,60,50000,0.5,0.463655,-6.01649e+07,46748.5,52465.6,60001,1
sel,58.5954,16.1651,60,50000,1,1.48225e-20,1.16415e-10,0.0349839,49978.9,5,1
ilp,58.5954,16.1651,60,50000,1,-2.87653e-06,-22592.2,0.0752018,1682.2,22187,0
jog,58.5954,16.1651,60,50000,1,-0.00765101,-6.00909e+07,45318.6,53056.6,145,1
ils,58.5954,16.1651,60,50000,1,-0.00739492,-5.80796e+07,42892.5,53054.7,60000,1
sel,58.5954,16.1651,60,100000,0,2.48147e-07,1.16415e-10,0.0248147,99922.2,10,1
ilp,58.5954,16.1651,60,100000,0,0.0240224,-4755.89,2402.24,5258.2,62396,0
jog,58.5954,16.1651,60,100000,0,0.877168,2.04209e+08,87716.8,102746,205,1
ils,58.5954,16.1651,60,100000,0,0.894652,2.03988e+08,89465.2,102744,60000,1
sel,58.5954,16.1651,60,100000,0.5,1.24074e-07,1.16415e-10,0.0248147,99922.2,11,1
ilp,58.5954,16.1651,60,100000,0.5,0.0129098,-37062.9,2582.07,3618.22,62390,0
jog,58.5954,16.1651,60,100000,0.5,0.427432,-2.0771e+08,86147.5,101504,204,1
ils,58.5954,16.1651,60,100000,0.5,0.435954,-2.07442e+08,87851,101504,60000,1
sel,58.5954,16.1651,60,100000,1,3.70561e-21,1.16415e-10,0.0248147,99922.2,10,1
ilp,58.5954,16.1651,60,100000,1,4.8117e-08,1511.64,1051.54,2635.7,34696,0
jog,58.5954,16.1651,60,100000,1,-0.0066116,-2.0771e+08,85770,100749,434,1
ils,58.5954,16.1651,60,100000,1,-0.00653724,-2.05373e+08,85198.9,100744,60001,1
sel,58.5386,16.1506,60,1000,0,4.2727e-05,0,0.042727,946.214,0,1
ilp,58.5386,16.1506,60,1000,0,0.719078,-4066.87,719.078,943.619,62284,0
jog,58.5386,16.1506,60,1000,0,1.16735,6652.57,1167.35,2800.73,1,1
ils,58.5386,16.1506,60,1000,0,1.25676,4381.54,1256.76,2785.45,60000,1
sel,58.5386,16.1506,60,1000,0.5,2.13635e-05,0,0.042727,946.214,0,1
ilp,58.5386,16.1506,60,1000,0.5,0.0500148,-65.5066,100.05,393.49,19039,0
jog,58.5386,16.1506,60,1000,0.5,0.584733,6652.57,1167.35,2800.73,1,1
ils,58.5386,16.1506,60,1000,0.5,0.629252,5482.32,1256.76,2797.44,60000,1
sel,58.5386,16.1506,60,1000,1,0,0,0.042727,946.214,0,1
ilp,58.5386,16.1506,60,1000,1,0,0,92.5594,847.278,18657,0
jog,58.5386,16.1506,60,1000,1,-0.00211758,-6652.57,463.544,1635.2,1,1
ils,58.5386,16.1506,60,1000,1,0.00356777,11208.5,401.292,1633.49,60000,1
sel,58.5386,16.1506,60,2500,0,1.70908e-05,0,0.042727,2413,0,1
ilp,58.5386,16.1506,60,2500,0,0.568753,3908.07,1421.88,2344.02,62202,0
jog,58.5386,16.1506,60,2500,0,1.00439,-3775.93,2510.97,3456.8,1,1
ils,58.5386,16.1506,60,2500,0,1.09637,-2304.12,2740.93,3449.27,60000,1
sel,58.5386,16.1506,60,2500,0.5,8.5454e-06,0,0.042727,2413,0,1
ilp,58.5386,16.1506,60,2500,0.5,-1,-1,-1,-1,397,3
jog,58.5386,16.1506,60,2500,0.5,0.502098,-3775.93,2510.97,3456.8,1,1
ils,58.5386,16.1506,60,2500,0.5,0.548127,-2304.12,2740.93,3449.27,60000,1
sel,58.5386,16.1506,60,2500,1,0,0,0.042727,2413,0,1
ilp,58.5386,16.1506,60,2500,1,-5.92898e-18,-1.16415e-10,54.1415,1748.92,19485,0
jog,58.5386,16.1506,60,2500,1,-0.00219252,-43049.9,1900.8,3494.78,1,1
ils,58.5386,16.1506,60,2500,1,0.00372725,73184.5,1440.19,3490.45,60000,1
sel,58.5386,16.1506,60,5000,0,8.5454e-06,0,0.042727,4979.87,0,1
ilp,58.5386,16.1506,60,5000,0,0.472328,1070,2361.64,4483.98,62346,0
jog,58.5386,16.1506,60,5000,0,0.995554,-817302,4977.77,5358.84,3,1
ils,58.5386,16.1506,60,5000,0,0.995554,-817302,4977.77,5358.84,60000,1
sel,58.5386,16.1506,60,5000,0.5,4.2727e-06,0,0.042727,4979.87,0,1
ilp,58.5386,16.1506,60,5000,0.5,-1,-1,-1,-1,382,3
jog,58.5386,16.1506,60,5000,0.5,0.492574,-817302,4977.77,5358.84,3,1
ils,58.5386,16.1506,60,5000,0.5,0.492574,-817302,4977.77,5358.84,60000,1
sel,58.5386,16.1506,60,5000,1,0,0,0.042727,4979.87,0,1
ilp,58.5386,16.1506,60,5000,1,-1.48225e-18,-1.16415e-10,54.1415,1748.92,19841,0
jog,58.5386,16.1506,60,5000,1,-0.0182216,-1.43112e+06,4178.45,6306.89,3,1
ils,58.5386,16.1506,60,5000,1,-0.0151965,-1.19353e+06,2866.14,6282.83,60000,1
sel,58.5386,16.1506,60,10000,0,4.2727e-06,0,0.042727,9930.27,0,1
ilp,58.5386,16.1506,60,10000,0,0.318567,-14976.5,3185.67,5803.89,62427,0
jog,58.5386,16.1506,60,10000,0,0.983612,-4.0955e+06,9836.12,11544.2,14,1
ils,58.5386,16.1506,60,10000,0,0.983612,-4.0955e+06,9836.12,11544.2,60000,1
sel,58.5386,16.1506,60,10000,0.5,2.13635e-06,0,0.042727,9930.27,0,1
ilp,58.5386,16.1506,60,10000,0.5,0.00110077,0,22.0154,616.406,18616,0
jog,58.5386,16.1506,60,10000,0.5,0.485288,-4.0955e+06,9836.12,11544.2,13,1
ils,58.5386,16.1506,60,10000,0.5,0.485288,-4.0955e+06,9836.12,11544.2,60001,1
sel,58.5386,16.1506,60,10000,1,0,0,0.042727,9930.27,0,1
ilp,58.5386,16.1506,60,10000,1,2.31321e-05,7267.17,1215.02,2996.13,20434,0
jog,58.5386,16.1506,60,10000,1,-0.0144313,-4.53372e+06,8240.56,11051.5,14,1
ils,58.5386,16.1506,60,10000,1,-0.0119587,-3.75693e+06,7406.71,11048.5,60000,1
sel,58.5386,16.1506,60,25000,0,1.70908e-06,0,0.042727,24964.8,1,1
ilp,58.5386,16.1506,60,25000,0,0.122185,16613.6,3054.63,5738.44,62385,0
jog,58.5386,16.1506,60,25000,0,-1,-1,-1,-1,148,2
ils,58.5386,16.1506,60,25000,0,-1,-1,-1,-1,148,2
sel,58.5386,16.1506,60,25000,0.5,8.5454e-07,0,0.042727,24964.8,1,1
ilp,58.5386,16.1506,60,25000,0.5,0.063718,18250.6,3185.67,5803.89,62394,0
jog,58.5386,16.1506,60,25000,0.5,-1,-1,-1,-1,137,2
ils,58.5386,16.1506,60,25000,0.5,-1,-1,-1,-1,137,2
sel,58.5386,16.1506,60,25000,1,0,0,0.042727,24964.8,1,1
ilp,58.5386,16.1506,60,25000,1,5.92898e-20,1.16415e-10,624.567,2082.83,20338,0
jog,58.5386,16.1506,60,25000,1,-1,-1,-1,-1,134,2
ils,58.5386,16.1506,60,25000,1,-1,-1,-1,-1,134,2
sel,58.5386,16.1506,60,50000,0,8.5454e-07,0,0.042727,49991.8,3,1
ilp,58.5386,16.1506,60,50000,0,0.0610925,-16613.6,3054.63,5738.44,62324,0
jog,58.5386,16.1506,60,50000,0,0.886507,-1.13061e+07,44325.3,51809.2,249,1
ils,58.5386,16.1506,60,50000,0,0.931037,-1.08239e+07,46551.9,51806.2,60000,1
sel,58.5386,16.1506,60,50000,0.5,4.2727e-07,0,0.042727,49991.8,3,1
ilp,58.5386,16.1506,60,50000,0.5,0.0302163,108389,3020.94,4494.42,62318,0
jog,58.5386,16.1506,60,50000,0.5,0.442533,-1.13061e+07,44325.3,51809.2,241,1
ils,58.5386,16.1506,60,50000,0.5,0.464728,-1.07222e+07,46541,51806.8,60000,1
sel,58.5386,16.1506,60,50000,1,0,0,0.042727,49991.8,3,1
ilp,58.5386,16.1506,60,50000,1,-1,-1,-1,-1,402,3
jog,58.5386,16.1506,60,50000,1,-0.0025441,-1.99813e+07,43567.3,51362.2,228,1
ils,58.5386,16.1506,60,50000,1,-0.00235027,-1.8459e+07,39516.9,51354.4,60000,1
sel,58.5386,16.1506,60,100000,0,4.2727e-07,0,0.042727,99954.1,6,1
ilp,58.5386,16.1506,60,100000,0,0.0286034,-18250.6,2860.34,5369.5,62317,0
jog,58.5386,16.1506,60,100000,0,0.713716,4.49413e+07,71371.6,100788,354,1
ils,58.5386,16.1506,60,100000,0,0.753151,4.5482e+07,75315.1,100784,60000,1
sel,58.5386,16.1506,60,100000,0.5,2.13635e-07,0,0.042727,99954.1,6,1
ilp,58.5386,16.1506,60,100000,0.5,0.0159281,-14976.5,3185.67,6020.15,62318,0
jog,58.5386,16.1506,60,100000,0.5,0.356143,-4.49413e+07,71371.6,100788,330,1
ils,58.5386,16.1506,60,100000,0.5,0.376454,-4.45685e+07,75432.6,100785,60001,1
sel,58.5386,16.1506,60,100000,1,0,0,0.042727,99954.1,6,1
ilp,58.5386,16.1506,60,100000,1,-1,-1,-1,-1,386,3
jog,58.5386,16.1506,60,100000,1,-0.00143159,-4.49747e+07,71091.4,99950,325,1
ils,58.5386,16.1506,60,100000,1,-0.0013398,-4.2091e+07,75905,99943.2,60000,1
sel,58.6114,16.1633,60,1000,0,0.411989,2.91038e-11,411.989,995.348,0,1
ilp,58.6114,16.1633,60,1000,0,0.489985,-250.436,489.985,973.744,62326,0
jog,58.6114,16.1633,60,1000,0,1.97065,192283,1970.65,2375.16,2,1
ils,58.6114,16.1633,60,1000,0,1.97065,192283,1970.65,2375.16,60000,1
sel,58.6114,16.1633,60,1000,0.5,0.205995,2.91038e-11,411.989,995.348,0,1
ilp,58.6114,16.1633,60,1000,0.5,-1,-1,-1,-1,383,3
jog,58.6114,16.1633,60,1000,0.5,0.954721,-192283,1970.65,2375.16,2,1
ils,58.6114,16.1633,60,1000,0.5,0.954721,-192283,1970.65,2375.16,60000,1
sel,58.6114,16.1633,60,1000,1,9.26404e-18,2.91038e-11,411.989,995.348,0,1
ilp,58.6114,16.1633,60,1000,1,-9.26404e-18,-2.91038e-11,166.485,871.639,62374,0
jog,58.6114,16.1633,60,1000,1,-0.0612055,-192283,1970.65,2375.16,3,1
ils,58.6114,16.1633,60,1000,1,-0.0586707,-184319,1455.37,2372.99,60000,1
sel,58.6114,16.1633,60,2500,0,0.164796,2.91038e-11,411.989,2498.71,1,1
ilp,58.6114,16.1633,60,2500,0,0.851685,171639,2129.21,2335.31,62413,0
jog,58.6114,16.1633,60,2500,0,1.39221,-639518,3480.53,3523.22,16,1
ils,58.6114,16.1633,60,2500,0,1.39221,-639518,3480.53,3523.22,60000,1
sel,58.6114,16.1633,60,2500,0.5,0.0823978,2.91038e-11,411.989,2498.71,1,1
ilp,58.6114,16.1633,60,2500,0.5,0.169749,-2.91038e-11,848.746,2062.44,20553,0
jog,58.6114,16.1633,60,2500,0.5,0.67982,-639518,3480.53,3523.22,15,1
ils,58.6114,16.1633,60,2500,0.5,0.67982,-639518,3480.53,3523.22,60000,1
sel,58.6114,16.1633,60,2500,1,1.48225e-18,2.91038e-11,411.989,2498.71,1,1
ilp,58.6114,16.1633,60,2500,1,0,0,6.91504,891.881,21442,0
jog,58.6114,16.1633,60,2500,1,-0.0325704,-639518,3480.53,3523.22,16,1
ils,58.6114,16.1633,60,2500,1,-0.0325704,-639518,3480.53,3523.22,60000,1
sel,58.6114,16.1633,60,5000,0,0.0823978,2.91038e-11,411.989,4997.86,1,1
ilp,58.6114,16.1633,60,5000,0,0.544032,-254105,2720.16,2872.74,62463,0
jog,58.6114,16.1633,60,5000,0,1.26505,-862045,6325.23,6367.93,30,1
ils,58.6114,16.1633,60,5000,0,1.26505,-862045,6325.23,6367.93,60000,1
sel,58.6114,16.1633,60,5000,0.5,0.0411989,2.91038e-11,411.989,4997.86,1,1
ilp,58.6114,16.1633,60,5000,0.5,0.273634,254105,2720.16,2872.74,62441,0
jog,58.6114,16.1633,60,5000,0.5,0.627035,-862045,6325.23,6367.93,28,1
ils,58.6114,16.1633,60,5000,0.5,0.627035,-862045,6325.23,6367.93,60000,1
sel,58.6114,16.1633,60,5000,1,3.70561e-19,2.91038e-11,411.989,4997.86,1,1
ilp,58.6114,16.1633,60,5000,1,-3.70561e-19,-2.91038e-11,848.743,1963.58,20787,0
jog,58.6114,16.1633,60,5000,1,-0.0117443,-922396,5443.25,6557.72,29,1
ils,58.6114,16.1633,60,5000,1,-0.0111307,-874203,2256.01,6555.93,60000,1
sel,58.6114,16.1633,60,10000,0,0.0418198,2.91038e-11,418.198,9997.99,2,1
ilp,58.6114,16.1633,60,10000,0,0.272016,-254105,2720.16,2872.74,62506,0
jog,58.6114,16.1633,60,10000,0,1.01687,2.31242e+06,10168.7,11652.8,66,1
ils,58.6114,16.1633,60,10000,0,1.01687,2.31242e+06,10168.7,11652.8,60000,1
sel,58.6114,16.1633,60,10000,0.5,0.0209099,2.91038e-11,418.198,9997.99,2,1
ilp,58.6114,16.1633,60,10000,0.5,0.112076,-82716.1,2244.15,3381.08,62408,0
jog,58.6114,16.1633,60,10000,0.5,0.494974,-3.21984e+06,10002,10660.8,59,1
ils,58.6114,16.1633,60,10000,0.5,0.498541,-3.25372e+06,10074.4,10645.1,60000,1
sel,58.6114,16.1633,60,10000,1,9.26404e-20,2.91038e-11,418.198,9997.99,2,1
ilp,58.6114,16.1633,60,10000,1,-9.26404e-20,-2.91038e-11,854.692,1949.79,22045,0
jog,58.6114,16.1633,60,10000,1,-0.0128781,-4.04578e+06,9434.65,11198.7,55,1
ils,58.6114,16.1633,60,10000,1,-0.011011,-3.45922e+06,6329.4,11192.9,60000,1
sel,58.6114,16.1633,60,25000,0,0.0164796,2.91038e-11,411.989,24989.9,5,1
ilp,58.6114,16.1633,60,25000,0,0.104286,253201,2607.15,2870.41,62852,0
jog,58.6114,16.1633,60,25000,0,1.0093,-9.81712e+06,25232.5,28328.3,327,1
ils,58.6114,16.1633,60,25000,0,1.05558,-9.71811e+06,26389.5,28327.9,60000,1
sel,58.6114,16.1633,60,25000,0.5,0.00823978,2.91038e-11,411.989,24989.9,4,1
ilp,58.6114,16.1633,60,25000,0.5,0.000803464,-250.436,40.1764,586.506,19330,0
jog,58.6114,16.1633,60,25000,0.5,0.502149,-9.81712e+06,25232.5,28328.3,137,1
ils,58.6114,16.1633,60,25000,0.5,0.525685,-9.67901e+06,26407.5,28326.6,60000,1
sel,58.6114,16.1633,60,25000,1,1.48225e-20,2.91038e-11,411.989,24989.9,5,1
ilp,58.6114,16.1633,60,25000,1,0,0,18.5511,316.678,19369,0
jog,58.6114,16.1633,60,25000,1,-0.00576866,-1.13267e+07,22925.2,24505.8,135,1
ils,58.6114,16.1633,60,25000,1,-0.00489958,-9.6203e+06,16043,24497.7,60000,1
sel,58.6114,16.1633,60,50000,0,0.00823978,2.91038e-11,411.989,49992.2,7,1
ilp,58.6114,16.1633,60,50000,0,0.0375159,82716.1,1875.79,2640.09,62832,0
jog,58.6114,16.1633,60,50000,0,0.950882,-6.32799e+07,47544.1,54634.2,315,1
ils,58.6114,16.1633,60,50000,0,0.992081,-6.28495e+07,49604,54631.1,60000,1
sel,58.6114,16.1633,60,50000,0.5,0.00411989,2.91038e-11,411.989,49992.2,7,1
ilp,58.6114,16.1633,60,50000,0.5,0.0271854,-254105,2720.16,2872.74,62301,0
jog,58.6114,16.1633,60,50000,0.5,0.471413,-6.32799e+07,47544.1,54634.2,143,1
ils,58.6114,16.1633,60,50000,0.5,0.492039,-6.28495e+07,49604,54631.1,60000,1
sel,58.6114,16.1633,60,50000,1,3.70561e-21,2.91038e-11,411.989,49992.2,7,1
ilp,58.6114,16.1633,60,50000,1,-3.33505e-20,-2.61934e-10,487.219,1066.22,22751,0
jog,58.6114,16.1633,60,50000,1,-0.00805705,-6.32799e+07,46858.4,53262.7,139,1
ils,58.6114,16.1633,60,50000,1,-0.00785752,-6.17129e+07,44727.7,53246.8,60000,1
sel,58.6114,16.1633,60,100000,0,0.00411989,2.91038e-11,411.989,99992.7,16,1
ilp,58.6114,16.1633,60,100000,0,0.0272016,-254105,2720.16,2872.74,62450,0
jog,58.6114,16.1633,60,100000,0,0.877078,1.77788e+08,87707.8,102097,198,1
ils,58.6114,16.1633,60,100000,0,0.877078,1.77788e+08,87707.8,102097,60000,1
sel,58.6114,16.1633,60,100000,0.5,3.82354e-05,0,7.64708,99992.3,84,1
ilp,58.6114,16.1633,60,100000,0.5,0.00673534,250.436,1347.07,2683.63,62851,0
jog,58.6114,16.1633,60,100000,0.5,0.441369,1.77788e+08,87707.8,102097,372,1
ils,58.6114,16.1633,60,100000,0.5,0.441369,1.77788e+08,87707.8,102097,60000,1
sel,58.6114,16.1633,60,100000,1,0,0,7.64708,99992.3,80,1
ilp,58.6114,16.1633,60,100000,1,-8.33763e-21,-2.61934e-10,497.468,1150.19,18566,0
jog,58.6114,16.1633,60,100000,1,-0.00540593,-1.69832e+08,80671.9,100216,151,1
ils,58.6114,16.1633,60,100000,1,-0.00529939,-1.66485e+08,79362.3,100126,60000,1
sel,58.5874,16.2023,300,1000,0,8.1306e-06,5.82077e-11,0.0081306,999.718,0,1
ilp,58.5874,16.2023,300,1000,0,0.504798,22134.2,504.798,932.682,302208,0
jog,58.5874,16.2023,300,1000,0,1.18792,-56174.9,1187.92,2067.79,4,1
ils,58.5874,16.2023,300,1000,0,1.18792,-56174.9,1187.92,2067.79,300000,1
sel,58.5874,16.2023,300,1000,0.5,4.0653e-06,5.82077e-11,0.0081306,999.718,0,1
ilp,58.5874,16.2023,300,1000,0.5,-1,-1,-1,-1,367,3
jog,58.5874,16.2023,300,1000,0.5,0.585021,-56174.9,1187.92,2067.79,4,1
ils,58.5874,16.2023,300,1000,0.5,0.585021,-56174.9,1187.92,2067.79,300000,1
sel,58.5874,16.2023,300,1000,1,1.85281e-17,5.82077e-11,0.0081306,999.718,0,1
